{
  "label_aps": {
    "car": {
      "0.5": 0.6222810969573921,
      "1.0": 0.7510937974989949,
      "2.0": 0.7944989013753111,
      "4.0": 0.7981396414005217
    },
    "truck": {
      "0.5": 0.5296383206500497,
      "1.0": 0.5296383206500497,
      "2.0": 0.5350705127038553,
      "4.0": 0.5413539601821422
    },
    "bus": {
      "0.5": 0.39921013184109955,
      "1.0": 0.6005702067892157,
      "2.0": 0.6005702067892157,
      "4.0": 0.6005702067892157
    },
    "trailer": {
      "0.5": 0.0,
      "1.0": 0.0,
      "2.0": 0.0,
      "4.0": 0.0
    },
    "construction_vehicle": {
      "0.5": 0.0,
      "1.0": 0.0,
      "2.0": 0.0,
      "4.0": 0.0
    },
    "pedestrian": {
      "0.5": 0.08246732854872281,
      "1.0": 0.08262042257240328,
      "2.0": 0.08262042257240328,
      "4.0": 0.0936913809408653
    },
    "motorcycle": {
      "0.5": 0.11839349102964791,
      "1.0": 0.13420254697367964,
      "2.0": 0.15136686426628237,
      "4.0": 0.17476051184058786
    },
    "bicycle": {
      "0.5": 0.0,
      "1.0": 0.0,
      "2.0": 0.0,
      "4.0": 0.0
    },
    "traffic_cone": {
      "0.5": 0.0,
      "1.0": 0.0,
      "2.0": 0.0,
      "4.0": 0.0
    },
    "barrier": {
      "0.5": 0.0,
      "1.0": 0.0,
      "2.0": 0.0,
      "4.0": 0.0
    }
  },
  "mean_dist_aps": {
    "car": 0.7415033593080549,
    "truck": 0.5339252785465243,
    "bus": 0.5502301880521867,
    "trailer": 0.0,
    "construction_vehicle": 0.0,
    "pedestrian": 0.08534988865859866,
    "motorcycle": 0.14468085352754945,
    "bicycle": 0.0,
    "traffic_cone": 0.0,
    "barrier": 0.0
  },
  "mean_ap": 0.2055689568092914,
  "label_tp_errors": {
    "car": {
      "trans_err": 0.20935802372456688,
      "scale_err": 0.17236705246768122,
      "orient_err": 0.2978536434273589,
      "vel_err": 0.13118783702074743,
      "attr_err": 0.8904506393656284
    },
    "truck": {
      "trans_err": 0.163125526746068,
      "scale_err": 0.21878028333397856,
      "orient_err": 0.6580484793189597,
      "vel_err": 0.061308068286919155,
      "attr_err": 0.9979752455545475
    },
    "bus": {
      "trans_err": 0.27909105705350595,
      "scale_err": 0.15463856856371888,
      "orient_err": 0.03134676975107863,
      "vel_err": 1.2879447006299338,
      "attr_err": 0.1000850672118052
    },
    "trailer": {
      "trans_err": 1.0,
      "scale_err": 1.0,
      "orient_err": 1.0,
      "vel_err": 1.0,
      "attr_err": 1.0
    },
    "construction_vehicle": {
      "trans_err": 1.0,
      "scale_err": 1.0,
      "orient_err": 1.0,
      "vel_err": 1.0,
      "attr_err": 1.0
    },
    "pedestrian": {
      "trans_err": 0.14396216687621383,
      "scale_err": 0.2342290805723656,
      "orient_err": 0.21245067272827164,
      "vel_err": 0.35720906871906866,
      "attr_err": 0.021545976812958275
    },
    "motorcycle": {
      "trans_err": 0.3069200716931569,
      "scale_err": 0.29477654973758277,
      "orient_err": 0.8648587163002853,
      "vel_err": 0.054184117742030816,
      "attr_err": 0.0004685517962091553
    },
    "bicycle": {
      "trans_err": 0.18568655259859118,
      "scale_err": 0.24334539883573614,
      "orient_err": 0.4769400336512488,
      "vel_err": 0.6666582842737704,
      "attr_err": 0.0
    },
    "traffic_cone": {
      "trans_err": 1.0,
      "scale_err": 1.0,
      "orient_err": NaN,
      "vel_err": NaN,
      "attr_err": NaN
    },
    "barrier": {
      "trans_err": 1.0,
      "scale_err": 1.0,
      "orient_err": 1.0,
      "vel_err": NaN,
      "attr_err": NaN
    }
  },
  "tp_errors": {
    "trans_err": 0.5288143398692103,
    "scale_err": 0.5318136933511063,
    "orient_err": 0.6157220350196891,
    "vel_err": 0.5698115095840588,
    "attr_err": 0.5013156850926436
  },
  "tp_scores": {
    "trans_err": 0.47118566013078966,
    "scale_err": 0.4681863066488937,
    "orient_err": 0.38427796498031086,
    "vel_err": 0.4301884904159412,
    "attr_err": 0.49868431490735643
  },
  "nd_score": 0.3280367521129749,
  "eval_time": 0.626976728439331,
  "cfg": {
    "class_range": {
      "car": 50,
      "truck": 50,
      "bus": 50,
      "trailer": 50,
      "construction_vehicle": 50,
      "pedestrian": 40,
      "motorcycle": 40,
      "bicycle": 40,
      "traffic_cone": 30,
      "barrier": 30
    },
    "dist_fcn": "center_distance",
    "dist_ths": [
      0.5,
      1.0,
      2.0,
      4.0
    ],
    "dist_th_tp": 2.0,
    "min_recall": 0.1,
    "min_precision": 0.1,
    "max_boxes_per_sample": 500,
    "mean_ap_weight": 5
  },
  "meta": {
    "use_camera": false,
    "use_lidar": true,
    "use_radar": false,
    "use_map": false,
    "use_external": false
  }
}